<?xml version="1.0" encoding="UTF-8"?>
<project-private xmlns="http://www.netbeans.org/ns/project-private/1">
    <open-files xmlns="http://www.netbeans.org/ns/projectui-open-files/2">
        <group>
            <file>file:/C:/Users/Gustavo/Documents/NetBeansProjects/Barbearia/src/Barbearia/Barbearia.java</file>
            <file>file:/C:/Users/Gustavo/Documents/NetBeansProjects/Barbearia/src/Barbearia/Barbeiro.java</file>
            <file>file:/C:/Users/Gustavo/Documents/NetBeansProjects/Barbearia/src/Barbearia/Cliente.java</file>
        </group>
    </open-files>
</project-private>
