<?xml version="1.0"?>
<email><codigo>16</codigo><destinatario>eduardolino@bluebubble.com</destinatario><emailCc>rFran&#xE7;a@bluebubble.com</emailCc><assunto>N&#xE3;o se esque&#xE7;a, t&#xE1; bom?</assunto><mensagem> 
N&#xE3;o se esque&#xE7;a, t&#xE1; bom?
N&#xE3;o se esque&#xE7;a, t&#xE1; bom?
N&#xE3;o se esque&#xE7;a, t&#xE1; bom?
N&#xE3;o se esque&#xE7;a, t&#xE1; bom?
N&#xE3;o se esque&#xE7;a, t&#xE1; bom?
N&#xE3;o se esque&#xE7;a, t&#xE1; bom?
N&#xE3;o se esque&#xE7;a, t&#xE1; bom?</mensagem><greenCode>1</greenCode><yellowCode>0</yellowCode></email>
