Name,Product,Product type,Location,Note,Website link,Documentation,Github
Consensys,N/A,N/A,Many..,"Consensys is an investment fund that invested in a lot of companies, like Truffle. They do offer jobs themselves, but also at the companies they invested in",https://consensys.net/,https://consensys.net/developers/,https://github.com/ConsenSys
,,,,,,,
Truffle,"Truffle framework, Ganache, Drizzle",Developer tools,New York,"Their developer tools are free, and their commercial product is Truffle Teams (https://www.trufflesuite.com/teams)",https://www.trufflesuite.com,https://www.trufflesuite.com/docs,https://github.com/trufflesuite/truffle
OpenZeppelin,OpenZeppelin framework,Developer tools,Remote,"Their developer tools are free, and they are working on a paid tool for Blockchain developers",https://openzeppelin.com/,https://docs.openzeppelin.com/contracts/2.x/,https://github.com/OpenZeppelin
Infura,Ethereum API,Developer tools,"New York, San Fransisco","Their API has a free tier, and also a paid tier for big users",https://infura.io/,https://infura.io/docs,https://github.com/INFURA
The Graph,Ethereum API,Developer tools,San Fransisco,They expose a Graphql API for Ethereum smart contracts,https://thegraph.com/,https://thegraph.com/docs/quick-start,
Loom Network,"LoomChain, a layer2 scaling solution, focused on game",Developer tools,Bangkok,"Loom Network has done lots of other projects, like CryptoZombies. I know the author of this youtube channel who did a few tutorials about them (WhatTheFunc: https://www.youtube.com/channel/UC0Wu-J4_SoFOYVKA8JRuRRg)",https://loomx.io/,https://loomx.io/developers/,https://github.com/loomnetwork
,,,,,,,
MakerDAO,DAI Stablecoin,DeFi,Santa Cruz (CA) / New York / Copenhagen / Warsaw,One of the most famous DeFi project,https://makerdao.com,https://docs.makerdao.com/,https://github.com/makerdao
Uniswap,Decentralized tokens marketplace,DeFi,New York,One of the most famous DeFi project,https://uniswap.io/,https://uniswap.org/docs/v2,https://github.com/Uniswap
Compound,Decentralized lending/borrowing,DeFi,San Fransisco,One of the most famous DeFi project,https://compound.finance/,https://compound.finance/developers,
Augur,Decentralized prediction market,DeFi,San Fransisco,Early Ethereum company. Biggest team of smart contract developer,https://www.augur.net/,https://www.augur.net/developers/,https://github.com/AugurProject
Gnosis,Decentralized prediction market,DeFi,Berlin,Early Ethereum company.,https://gnosis.io/,https://conditional-tokens.readthedocs.io/en/latest/,https://github.com/gnosis
FutureSwap,Decentralized leveraged token marketplace,DeFi,San Fransisco,One of co-founder is an alumni,https://www.futureswap.com/,,
Aragon,Decentralized Autonimous Organization (DAO),DAO,Madrid,Their developer relation is an alumni,https://aragon.org/,https://hack.aragon.org/,https://github.com/aragon/aragon
,,,,,,,
Trailofbits,Security audits,Security,,,https://www.trailofbits.com/,,
Peppersec,Security audits,Security,,"They made smart contract audits for lots of famous Blockchain project. Company of Roman Storm, who also created Tornada Cash",https://peppersec.com/,,
,,,,,,,
Dapper Labs,Cryptokitties,Game,Vancouver,Cryptokitties was the first massively successful Dapp on Ethereum,https://www.dapperlabs.com,https://docs.api.cryptokitties.co/?version=latest,https://github.com/dapperlabs
Blockchain Intelligence Group,N/A,Blockchain development,Vancouver,Develop custom Blockchain software for customers,https://blockchaingroup.io/,,
LeewayHertz,N/A,Blockchain development,New York/ San Fransisco,Develop custom Blockchain software for customers,https://www.leewayhertz.com/,,
ArcTouch,N/A,Blockchain development,New York/ San Fransisco,Develop custom Blockchain software for customers,https://arctouch.com/,,
Solulab,N/A,Blockchain development,New York / LA,Develop custom Blockchain software for customers,https://www.solulab.com,,
Espeo,N/A,Blockchain development,San Fransisco,Develop custom Blockchain software for customers,https://espeoblockchain.com/,,
Block Volution,N/A,Blockchain development,Santa Monica,Develop custom Blockchain software for customers,https://blockvolution.io/,,
Erna,N/A,Blockchain development,San Jose,Develop custom Blockchain software for customers,https://errna.com/,,
Revelry,N/A,Blockchain development,New Orleans,Develop custom Blockchain software for customers,https://revelry.co/,,
Chopdawg,N/A,Blockchain development,Philadelphia / Boston / Seattle,Develop custom Blockchain software for customers,https://chopdawg.com/,,
Signy,N/A,Blockchain development,London,Develop custom Blockchain software for customers,https://signy.io,,
Blockcubes,N/A,Blockchain development,London,Develop custom Blockchain software for customers,http://blockcubes.io/,,
Bitfury,N/A,Blockchain development,Amsterdam,Develop custom Blockchain software for customers,https://bitfury.com/,,
Chainsquad,N/A,Blockchain development,"Erlangen, Germany",Develop custom Blockchain software for customers,http://chainsquad.com/,,
Blockchangers,N/A,Blockchain development,Oslo,Develop custom Blockchain software for customers,https://www.blockchangers.com/,,
ChromaWay,N/A,Blockchain development,Stockholm,Develop custom Blockchain software for customers,https://chromaway.com/,,
OpenLedger,N/A,Blockchain development,Copenhagen,Develop custom Blockchain software for customers,https://openledger.info/,,
Altoros,N/A,Blockchain development,Minsk,Develop custom Blockchain software for customers,https://www.altoros.com/,,
To The Moon Lab,N/A,Blockchain development,Riga,Develop custom Blockchain software for customers,http://tothemoonlab.com/,,
Sparkbit,N/A,Blockchain development,Warsaw,Develop custom Blockchain software for customers,https://www.sparkbit.pl/,,
CreateIt,N/A,Blockchain development,Warsaw,Develop custom Blockchain software for customers,https://www.createit.com/,,
Look 4 Dapps,N/A,Blockchain development,Warsaw,Develop custom Blockchain software for customers,https://www.l4a-soft.com/,,
S Pro,N/A,Blockchain development,Kiev,Develop custom Blockchain software for customers,https://s-pro.io/,,
HackBG,N/A,Blockchain development,Sofia,Develop custom Blockchain software for customers,https://hack.bg/,,
LimeChain,N/A,Blockchain development,Sofia,Develop custom Blockchain software for customers,https://limechain.tech/,,https://github.com/LimeChain
MixBytes,N/A,Blockchain development,Moscow,Develop custom Blockchain software for customers,https://mixbytes.io/,,
Titanium Blockchain,N/A,Blockchain development,Israel,Develop custom Blockchain software for customers,https://titanium-blockchain.com/,,
Primechain,N/A,Blockchain development,Mumbai,Develop custom Blockchain software for customers,https://www.primechaintech.com/,,
Somish,N/A,Blockchain development,New Delhi,Develop custom Blockchain software for customers,https://www.somish.com/,,
CodeZeros,N/A,Blockchain development,Ahmedabad,Develop custom Blockchain software for customers,https://www.codezeros.com/,,
Block360,N/A,Blockchain development,Pakistan,Develop custom Blockchain software for customers,https://block360.io/,,
InfoPulse,N/A,Blockchain development,Many location,Develop custom Blockchain software for customers,https://www.infopulse.com/,,
Axioma,N/A,Blockchain development,Many location,Develop custom Blockchain software for customers,https://www.axiomadev.com/,,
Quillhash,N/A,Blockchain development,Many location,Develop custom Blockchain software for customers,https://www.quillhash.com/,,
Accubits,N/A,Blockchain development,Many location,Develop custom Blockchain software for customers,https://accubits.com/,,
Unicsoft,N/A,Blockchain development,Many location,Develop custom Blockchain software for customers,https://unicsoft.com/,,
Pixelplex,N/A,Blockchain development,Many location,Develop custom Blockchain software for customers,https://pixelplex.io/,,
4irelabs,N/A,Blockchain development,Many location,Develop custom Blockchain software for customers,https://4irelabs.com/,,
IBM IX,N/A,Blockchain development,Many location,Develop custom Blockchain software for customers,https://www.ibm.com/services/ibmix/,,
Cryptosoftwares,N/A,Blockchain development,Many location,Develop custom Blockchain software for customers,https://cryptosoftwares.com/,,
Inboundmuse,N/A,Blockchain development,Many location,Develop custom Blockchain software for customers,https://www.inboundmuse.com/,,
Web3devs,N/A,Blockchain development,Many location,Develop custom Blockchain software for customers,https://web3devs.com/,,
,,,,,,,
,"These blockchain companies do core Blockchain development. That's a bit different from what I team in this course, but some of them might still need some Dapp / smart contract developers",,,,,,
PrismaticLabs,Core blockchain development,Blockchain,New York,They are working on Ethereum 2.0,https://prysmaticlabs.com,https://docs.prylabs.network/docs/getting-started.html,https://github.com/prysmaticlabs/prysm
ParityTech,Core blockchain development,Blockchain,Berlin,"They work on the Ethereum Parity client (Rust) and on Substrate, an IBC (Inter-Blockchain-Communication) solution",https://www.parity.io/,https://substrate.dev/,https://github.com/paritytech/
Cosmos,Core blockchain development,Blockchain,Berlin,"They work on a IBC solution called Cosmochain, the most famous one IBC project",https://cosmos.network/,https://cosmos.network/developers,https://docs.cosmos.network/
SpaceChain,Core blockchain development,Blockchain,London,"I had an interview with one of the cofounder, Jeff Garzic, a famous Bitcoin developer. Their project is super cool, they want to do a sort of AWS for Blockchain in space",https://spacechain.com/,,https://github.com/spacechain
,,,,,,,
,Crypto Job boards,,,,,,
Crypto Job List,https://cryptojobslist.com/,I had an interview with the founder here. Full of tips for finding your first Blockchain job. (https://www.youtube.com/watch?v=YYZN96g1C7g),,,,,
Crypto Jobs,https://crypto.jobs/,,,,,,
Cryptojobs,https://cryptojobs.com/,,,,,,
Crypto-job,https://crypto-job.com/,,,,,,
Cryptocurrencyjobs,https://cryptocurrencyjobs.co/,,,,,,
Blockchain Job Seeker,https://blockchainjobseeker.co,,,,,,
Blockchain Job Seeker,https://blockchainjobseeker.com/,,,,,,
Jobs On Chain,https://jobsonchain.substack.com/,,,,,,
,,,,,,,
,Forums,,,,,,
Ethdev,"""Who is hiring thread"" at beginning of each month",https://www.reddit.com/r/ethdev/,,,,,
Hackernews,"""Who is hiring thread"" at beginning of each month",https://news.ycombinator.com/,,,,,
,,,,,,,
,Other Job boards with Blockchain jobs,,,,,,
LinkedIn,https://www.linkedin.com/,You can search for jobs on LinkedIn in the same search bar as for people,,,,,
Indeed,https://indeed.com/,,,,,,
Angelist,https://angel.co/,,,,,,
,,,,,,,
,For Blockchain gigs (freelacing),,,,,,
Codementor,https://www.codementor.io/,"hard to get in, but higher customer quality",,,,,
Toptal,https://www.toptal.com/,"hard to get in, but higher customer quality",,,,,
up,https://upwork.com,"Careful, lots of cheap clients there",,,,,
,,,,,,,
Even more Blockchain companies,https://cryptojobslist.com/companies,,,,,,